,Social Explorer - ACS 2019 (5-Year Estimates),,,,,,,,,,,,,,,,,,,,,,,,,,,,,,,,,,,,,,,,,,,,,,,,,,,,,,,,,,,,,,,,,,,,,,,,,,,,,,,,,,,,,,,,,,,,,,,,,,,,,,,,,,,,,,,,,,,,,,,,,,,,,,,,,,,,,,,,,,,,,,,,,,,,,,,,,,,,,,,,,,,,,,,,,,,,,,,,,,,,,,,,,,,,,,,,,,,,,,,,,,,,,,,,,,,,,
Statistics,"Census Tract 1011, St. Louis city, Missouri",,"Census Tract 1012, St. Louis city, Missouri",,"Census Tract 1013, St. Louis city, Missouri",,"Census Tract 1014, St. Louis city, Missouri",,"Census Tract 1015, St. Louis city, Missouri",,"Census Tract 1018, St. Louis city, Missouri",,"Census Tract 1021, St. Louis city, Missouri",,"Census Tract 1022, St. Louis city, Missouri",,"Census Tract 1023, St. Louis city, Missouri",,"Census Tract 1024, St. Louis city, Missouri",,"Census Tract 1025, St. Louis city, Missouri",,"Census Tract 1031, St. Louis city, Missouri",,"Census Tract 1034, St. Louis city, Missouri",,"Census Tract 1036, St. Louis city, Missouri",,"Census Tract 1037, St. Louis city, Missouri",,"Census Tract 1038, St. Louis city, Missouri",,"Census Tract 1042, St. Louis city, Missouri",,"Census Tract 1045, St. Louis city, Missouri",,"Census Tract 1051.98, St. Louis city, Missouri",,"Census Tract 1052, St. Louis city, Missouri",,"Census Tract 1053, St. Louis city, Missouri",,"Census Tract 1054, St. Louis city, Missouri",,"Census Tract 1055, St. Louis city, Missouri",,"Census Tract 1061, St. Louis city, Missouri",,"Census Tract 1062, St. Louis city, Missouri",,"Census Tract 1063, St. Louis city, Missouri",,"Census Tract 1064, St. Louis city, Missouri",,"Census Tract 1065, St. Louis city, Missouri",,"Census Tract 1066, St. Louis city, Missouri",,"Census Tract 1067, St. Louis city, Missouri",,"Census Tract 1072, St. Louis city, Missouri",,"Census Tract 1073, St. Louis city, Missouri",,"Census Tract 1074, St. Louis city, Missouri",,"Census Tract 1075, St. Louis city, Missouri",,"Census Tract 1076, St. Louis city, Missouri",,"Census Tract 1081, St. Louis city, Missouri",,"Census Tract 1082, St. Louis city, Missouri",,"Census Tract 1083, St. Louis city, Missouri",,"Census Tract 1096, St. Louis city, Missouri",,"Census Tract 1097, St. Louis city, Missouri",,"Census Tract 1101, St. Louis city, Missouri",,"Census Tract 1102, St. Louis city, Missouri",,"Census Tract 1103, St. Louis city, Missouri",,"Census Tract 1104, St. Louis city, Missouri",,"Census Tract 1105, St. Louis city, Missouri",,"Census Tract 1111, St. Louis city, Missouri",,"Census Tract 1112, St. Louis city, Missouri",,"Census Tract 1113, St. Louis city, Missouri",,"Census Tract 1114, St. Louis city, Missouri",,"Census Tract 1115, St. Louis city, Missouri",,"Census Tract 1121, St. Louis city, Missouri",,"Census Tract 1122, St. Louis city, Missouri",,"Census Tract 1123, St. Louis city, Missouri",,"Census Tract 1124, St. Louis city, Missouri",,"Census Tract 1135, St. Louis city, Missouri",,"Census Tract 1141.01, St. Louis city, Missouri",,"Census Tract 1141.02, St. Louis city, Missouri",,"Census Tract 1142, St. Louis city, Missouri",,"Census Tract 1143, St. Louis city, Missouri",,"Census Tract 1151, St. Louis city, Missouri",,"Census Tract 1152, St. Louis city, Missouri",,"Census Tract 1153, St. Louis city, Missouri",,"Census Tract 1154, St. Louis city, Missouri",,"Census Tract 1155, St. Louis city, Missouri",,"Census Tract 1156, St. Louis city, Missouri",,"Census Tract 1157, St. Louis city, Missouri",,"Census Tract 1161, St. Louis city, Missouri",,"Census Tract 1162, St. Louis city, Missouri",,"Census Tract 1163.01, St. Louis city, Missouri",,"Census Tract 1163.02, St. Louis city, Missouri",,"Census Tract 1164, St. Louis city, Missouri",,"Census Tract 1165, St. Louis city, Missouri",,"Census Tract 1171, St. Louis city, Missouri",,"Census Tract 1172, St. Louis city, Missouri",,"Census Tract 1174, St. Louis city, Missouri",,"Census Tract 1181, St. Louis city, Missouri",,"Census Tract 1184, St. Louis city, Missouri",,"Census Tract 1186, St. Louis city, Missouri",,"Census Tract 1191.01, St. Louis city, Missouri",,"Census Tract 1191.02, St. Louis city, Missouri",,"Census Tract 1192, St. Louis city, Missouri",,"Census Tract 1193, St. Louis city, Missouri",,"Census Tract 1202, St. Louis city, Missouri",,"Census Tract 1211, St. Louis city, Missouri",,"Census Tract 1212, St. Louis city, Missouri",,"Census Tract 1231, St. Louis city, Missouri",,"Census Tract 1232, St. Louis city, Missouri",,"Census Tract 1233, St. Louis city, Missouri",,"Census Tract 1241, St. Louis city, Missouri",,"Census Tract 1242, St. Louis city, Missouri",,"Census Tract 1243, St. Louis city, Missouri",,"Census Tract 1246, St. Louis city, Missouri",,"Census Tract 1255, St. Louis city, Missouri",,"Census Tract 1256, St. Louis city, Missouri",,"Census Tract 1257, St. Louis city, Missouri",,"Census Tract 1266, St. Louis city, Missouri",,"Census Tract 1267, St. Louis city, Missouri",,"Census Tract 1268, St. Louis city, Missouri",,"Census Tract 1269, St. Louis city, Missouri",,"Census Tract 1270, St. Louis city, Missouri",,"Census Tract 1271, St. Louis city, Missouri",,"Census Tract 1272, St. Louis city, Missouri",,"Census Tract 1273, St. Louis city, Missouri",,"Census Tract 1274, St. Louis city, Missouri",,"Census Tract 1275, St. Louis city, Missouri",,"Census Tract 1276, St. Louis city, Missouri",,TOTAL (All Selected Census Tracts),
,,,,,,,,,,,,,,,,,,,,,,,,,,,,,,,,,,,,,,,,,,,,,,,,,,,,,,,,,,,,,,,,,,,,,,,,,,,,,,,,,,,,,,,,,,,,,,,,,,,,,,,,,,,,,,,,,,,,,,,,,,,,,,,,,,,,,,,,,,,,,,,,,,,,,,,,,,,,,,,,,,,,,,,,,,,,,,,,,,,,,,,,,,,,,,,,,,,,,,,,,,,,,,,,,,,,,,
SE:A01001. Age,,,,,,,,,,,,,,,,,,,,,,,,,,,,,,,,,,,,,,,,,,,,,,,,,,,,,,,,,,,,,,,,,,,,,,,,,,,,,,,,,,,,,,,,,,,,,,,,,,,,,,,,,,,,,,,,,,,,,,,,,,,,,,,,,,,,,,,,,,,,,,,,,,,,,,,,,,,,,,,,,,,,,,,,,,,,,,,,,,,,,,,,,,,,,,,,,,,,,,,,,,,,,,,,,,,,,,
Total Population:,"2,469",,"3,408",,"4,085",,"2,844",,"3,160",,"2,976",,"2,642",,"5,880",,"2,103",,"2,482",,"1,887",,"3,186",,"1,836",,"1,376",,"2,580",,"3,818",,"3,309",,"2,384",,"3,144",,"2,689",,"2,635",,"2,230",,"2,543",,"1,623",,"1,142",,"1,352",,"2,328",,"2,745",,"1,560",,"3,103",,"1,188",,"4,232",,"2,282",,"2,050",,"1,799",,"3,024",,"2,084",,"2,355",,"2,889",,"2,004",,"2,515",,"2,163",,"1,828",,"1,923",,878,,"1,895",,"1,109",,"1,510",,"1,299",,585,,"4,261",,"1,245",,"1,589",,"3,971",,"2,436",,"4,208",,"4,425",,"4,452",,"5,348",,"4,648",,"3,142",,"5,007",,"3,069",,"7,066",,"4,857",,"3,532",,"2,995",,"3,982",,"3,344",,"3,123",,"4,879",,"4,256",,"1,563",,"4,953",,"4,079",,"1,082",,"1,572",,"4,279",,"2,562",,"3,334",,"2,010",,"3,873",,"1,323",,"1,861",,"2,215",,"3,520",,"2,630",,"3,008",,"4,636",,"3,547",,"3,410",,"1,851",,"4,270",,"5,336",,"3,287",,"3,102",,"1,030",,"3,471",,"3,844",,"1,763",,"1,712",,"4,243",,"4,115",,"4,814",,"2,225",,"2,688",,"308,174",
Under 5 Years,154,6.2%,251,7.4%,222,5.4%,182,6.4%,137,4.3%,169,5.7%,230,8.7%,309,5.3%,132,6.3%,143,5.8%,86,4.6%,281,8.8%,65,3.5%,136,9.9%,84,3.3%,245,6.4%,222,6.7%,127,5.3%,99,3.2%,83,3.1%,307,11.7%,62,2.8%,25,1.0%,84,5.2%,230,20.1%,96,7.1%,204,8.8%,141,5.1%,77,4.9%,241,7.8%,129,10.9%,319,7.5%,48,2.1%,122,6.0%,72,4.0%,210,6.9%,80,3.8%,187,7.9%,166,5.8%,116,5.8%,156,6.2%,87,4.0%,124,6.8%,49,2.6%,14,1.6%,134,7.1%,44,4.0%,36,2.4%,58,4.5%,6,1.0%,97,2.3%,71,5.7%,105,6.6%,108,2.7%,154,6.3%,256,6.1%,270,6.1%,336,7.6%,323,6.0%,315,6.8%,162,5.2%,353,7.1%,215,7.0%,687,9.7%,233,4.8%,259,7.3%,176,5.9%,271,6.8%,251,7.5%,251,8.0%,657,13.5%,483,11.4%,94,6.0%,418,8.4%,148,3.6%,66,6.1%,0,0.0%,75,1.8%,32,1.3%,96,2.9%,130,6.5%,49,1.3%,94,7.1%,53,2.9%,273,12.3%,268,7.6%,115,4.4%,262,8.7%,393,8.5%,267,7.5%,182,5.3%,248,13.4%,223,5.2%,271,5.1%,208,6.3%,355,11.4%,17,1.7%,191,5.5%,189,4.9%,117,6.6%,185,10.8%,398,9.4%,391,9.5%,645,13.4%,142,6.4%,64,2.4%,"19,673",6.4%
5 to 9 Years,90,3.7%,166,4.9%,242,5.9%,117,4.1%,167,5.3%,259,8.7%,71,2.7%,199,3.4%,102,4.9%,93,3.8%,77,4.1%,50,1.6%,122,6.6%,86,6.3%,75,2.9%,111,2.9%,33,1.0%,52,2.2%,69,2.2%,48,1.8%,165,6.3%,139,6.2%,50,2.0%,51,3.1%,90,7.9%,93,6.9%,230,9.9%,137,5.0%,73,4.7%,199,6.4%,49,4.1%,316,7.5%,94,4.1%,133,6.5%,51,2.8%,335,11.1%,25,1.2%,120,5.1%,177,6.1%,165,8.2%,64,2.5%,158,7.3%,129,7.1%,171,8.9%,10,1.1%,102,5.4%,46,4.2%,115,7.6%,98,7.5%,46,7.9%,123,2.9%,58,4.7%,100,6.3%,8,0.2%,56,2.3%,162,3.9%,215,4.9%,71,1.6%,315,5.9%,205,4.4%,407,13.0%,444,8.9%,212,6.9%,545,7.7%,265,5.5%,213,6.0%,81,2.7%,94,2.4%,183,5.5%,284,9.1%,408,8.4%,171,4.0%,30,1.9%,296,6.0%,193,4.7%,43,4.0%,0,0.0%,30,0.7%,4,0.2%,58,1.7%,22,1.1%,16,0.4%,74,5.6%,45,2.4%,183,8.3%,222,6.3%,137,5.2%,206,6.9%,412,8.9%,226,6.4%,102,3.0%,217,11.7%,101,2.4%,68,1.3%,423,12.9%,199,6.4%,54,5.2%,148,4.3%,221,5.8%,117,6.6%,98,5.7%,143,3.4%,195,4.7%,451,9.4%,30,1.4%,42,1.6%,"15,286",5.0%
10 to 14 Years,47,1.9%,127,3.7%,115,2.8%,242,8.5%,202,6.4%,138,4.6%,41,1.6%,220,3.7%,55,2.6%,77,3.1%,43,2.3%,135,4.2%,31,1.7%,76,5.5%,152,5.9%,167,4.4%,34,1.0%,17,0.7%,58,1.8%,192,7.1%,161,6.1%,260,11.7%,124,4.9%,101,6.2%,83,7.3%,133,9.8%,127,5.5%,161,5.9%,104,6.7%,232,7.5%,65,5.5%,179,4.2%,149,6.5%,56,2.7%,106,5.9%,284,9.4%,157,7.5%,229,9.7%,251,8.7%,122,6.1%,121,4.8%,161,7.4%,86,4.7%,80,4.2%,66,7.5%,184,9.7%,56,5.1%,95,6.3%,86,6.6%,66,11.3%,77,1.8%,110,8.8%,113,7.1%,93,2.3%,38,1.6%,227,5.4%,193,4.4%,164,3.7%,316,5.9%,229,4.9%,184,5.9%,459,9.2%,161,5.3%,"1,021",14.5%,585,12.0%,266,7.5%,89,3.0%,60,1.5%,253,7.6%,214,6.9%,306,6.3%,167,3.9%,24,1.5%,173,3.5%,215,5.3%,25,2.3%,0,0.0%,221,5.2%,40,1.6%,35,1.1%,36,1.8%,40,1.0%,169,12.8%,150,8.1%,232,10.5%,154,4.4%,52,2.0%,170,5.7%,353,7.6%,467,13.2%,83,2.4%,139,7.5%,28,0.7%,109,2.0%,408,12.4%,238,7.7%,72,7.0%,78,2.3%,322,8.4%,53,3.0%,78,4.6%,136,3.2%,106,2.6%,157,3.3%,52,2.3%,17,0.6%,"16,211",5.3%
15 to 17 Years,51,2.1%,71,2.1%,67,1.6%,39,1.4%,182,5.8%,66,2.2%,0,0.0%,160,2.7%,51,2.4%,147,5.9%,30,1.6%,0,0.0%,22,1.2%,7,0.5%,82,3.2%,77,2.0%,58,1.8%,12,0.5%,87,2.8%,64,2.4%,50,1.9%,150,6.7%,143,5.6%,83,5.1%,16,1.4%,54,4.0%,111,4.8%,56,2.0%,12,0.8%,71,2.3%,37,3.1%,148,3.5%,47,2.1%,9,0.4%,103,5.7%,11,0.4%,108,5.2%,78,3.3%,150,5.2%,54,2.7%,81,3.2%,121,5.6%,79,4.3%,138,7.2%,28,3.2%,59,3.1%,0,0.0%,34,2.3%,87,6.7%,43,7.4%,67,1.6%,97,7.8%,66,4.2%,11,0.3%,85,3.5%,7,0.2%,175,4.0%,83,1.9%,67,1.3%,226,4.9%,64,2.0%,197,3.9%,149,4.9%,363,5.1%,109,2.2%,168,4.8%,99,3.3%,57,1.4%,66,2.0%,115,3.7%,148,3.0%,43,1.0%,14,0.9%,70,1.4%,136,3.3%,13,1.2%,12,0.8%,114,2.7%,0,0.0%,35,1.1%,21,1.0%,76,2.0%,149,11.3%,46,2.5%,89,4.0%,120,3.4%,4,0.2%,47,1.6%,251,5.4%,137,3.9%,54,1.6%,41,2.2%,72,1.7%,59,1.1%,202,6.2%,163,5.3%,17,1.7%,96,2.8%,280,7.3%,70,4.0%,119,7.0%,31,0.7%,105,2.6%,67,1.4%,36,1.6%,7,0.3%,"8,649",2.8%
18 to 24 Years,68,2.8%,137,4.0%,382,9.4%,372,13.1%,187,5.9%,189,6.4%,163,6.2%,143,2.4%,81,3.9%,158,6.4%,115,6.1%,203,6.4%,106,5.8%,104,7.6%,100,3.9%,198,5.2%,233,7.0%,244,10.2%,620,19.7%,257,9.6%,360,13.7%,307,13.8%,270,10.6%,104,6.4%,145,12.7%,78,5.8%,129,5.5%,171,6.2%,132,8.5%,316,10.2%,143,12.0%,273,6.5%,247,10.8%,211,10.3%,213,11.8%,381,12.6%,184,8.8%,278,11.8%,213,7.4%,198,9.9%,291,11.6%,233,10.8%,170,9.3%,136,7.1%,92,10.5%,165,8.7%,221,19.9%,10,0.7%,78,6.0%,99,16.9%,261,6.1%,101,8.1%,158,9.9%,566,14.3%,129,5.3%,342,8.1%,294,6.6%,100,2.3%,317,5.9%,517,11.1%,198,6.3%,325,6.5%,222,7.2%,706,10.0%,252,5.2%,369,10.5%,127,4.2%,222,5.6%,175,5.2%,139,4.5%,368,7.5%,361,8.5%,147,9.4%,115,2.3%,344,8.4%,106,9.8%,"1,173",74.6%,"1,240",29.0%,153,6.0%,469,14.1%,191,9.5%,"1,898",49.0%,101,7.6%,399,21.4%,199,9.0%,237,6.7%,110,4.2%,258,8.6%,338,7.3%,260,7.3%,292,8.6%,196,10.6%,498,11.7%,913,17.1%,166,5.1%,249,8.0%,63,6.1%,169,4.9%,375,9.8%,248,14.1%,100,5.8%,320,7.5%,489,11.9%,574,11.9%,249,11.2%,287,10.7%,"29,083",9.4%
25 to 34 Years,329,13.3%,594,17.4%,634,15.5%,466,16.4%,676,21.4%,584,19.6%,502,19.0%,"1,057",18.0%,487,23.2%,425,17.1%,447,23.7%,659,20.7%,501,27.3%,316,23.0%,490,19.0%,655,17.2%,"1,129",34.1%,802,33.6%,558,17.8%,671,25.0%,380,14.4%,344,15.4%,410,16.1%,213,13.1%,189,16.6%,143,10.6%,295,12.7%,344,12.5%,204,13.1%,435,14.0%,156,13.1%,698,16.5%,279,12.2%,170,8.3%,209,11.6%,306,10.1%,125,6.0%,410,17.4%,324,11.2%,394,19.7%,190,7.6%,188,8.7%,255,14.0%,193,10.0%,78,8.9%,267,14.1%,194,17.5%,184,12.2%,171,13.2%,19,3.3%,"1,469",34.5%,147,11.8%,250,15.7%,"1,161",29.2%,580,23.8%,896,21.3%,670,15.1%,"1,225",27.5%,928,17.4%,830,17.9%,586,18.7%,797,15.9%,618,20.1%,"1,153",16.3%,460,9.5%,417,11.8%,519,17.3%,"1,455",36.5%,851,25.5%,660,21.1%,902,18.5%,"1,202",28.2%,606,38.8%,"1,355",27.4%,871,21.4%,254,23.5%,55,3.5%,901,21.1%,611,23.9%,"1,297",38.9%,274,13.6%,749,19.3%,165,12.5%,218,11.7%,260,11.7%,559,15.9%,707,26.9%,936,31.1%,627,13.5%,554,15.6%,970,28.5%,341,18.4%,"1,482",34.7%,"1,922",36.0%,464,14.1%,463,14.9%,155,15.1%,"1,053",30.3%,457,11.9%,385,21.8%,218,12.7%,"1,228",28.9%,714,17.4%,"1,401",29.1%,422,19.0%,"1,150",42.8%,"61,349",19.9%
35 to 44 Years,404,16.4%,448,13.2%,642,15.7%,301,10.6%,558,17.7%,474,15.9%,512,19.4%,741,12.6%,292,13.9%,328,13.2%,335,17.8%,362,11.4%,314,17.1%,137,10.0%,612,23.7%,634,16.6%,354,10.7%,394,16.5%,368,11.7%,303,11.3%,215,8.2%,279,12.5%,198,7.8%,182,11.2%,66,5.8%,124,9.2%,221,9.5%,244,8.9%,175,11.2%,234,7.5%,117,9.9%,443,10.5%,232,10.2%,190,9.3%,181,10.1%,303,10.0%,177,8.5%,245,10.4%,269,9.3%,195,9.7%,258,10.3%,239,11.1%,240,13.1%,280,14.6%,118,13.4%,236,12.5%,39,3.5%,67,4.4%,187,14.4%,72,12.3%,443,10.4%,139,11.2%,207,13.0%,555,14.0%,219,9.0%,742,17.6%,623,14.1%,693,15.6%,827,15.5%,588,12.7%,517,16.5%,814,16.3%,445,14.5%,957,13.5%,676,13.9%,629,17.8%,642,21.4%,535,13.4%,588,17.6%,457,14.6%,554,11.4%,534,12.6%,186,11.9%,"1,039",21.0%,800,19.6%,188,17.4%,43,2.7%,679,15.9%,232,9.1%,443,13.3%,178,8.9%,137,3.5%,147,11.1%,115,6.2%,305,13.8%,552,15.7%,333,12.7%,318,10.6%,842,18.2%,474,13.4%,648,19.0%,165,8.9%,749,17.5%,702,13.2%,350,10.7%,416,13.4%,87,8.5%,536,15.4%,378,9.8%,273,15.5%,129,7.5%,499,11.8%,520,12.6%,396,8.2%,308,13.8%,296,11.0%,"40,386",13.1%
45 to 54 Years,493,20.0%,412,12.1%,694,17.0%,404,14.2%,337,10.7%,492,16.5%,338,12.8%,870,14.8%,245,11.7%,330,13.3%,247,13.1%,446,14.0%,268,14.6%,142,10.3%,445,17.3%,404,10.6%,401,12.1%,234,9.8%,181,5.8%,390,14.5%,242,9.2%,249,11.2%,275,10.8%,187,11.5%,108,9.5%,148,11.0%,301,12.9%,362,13.2%,158,10.1%,386,12.4%,215,18.1%,555,13.1%,496,21.7%,433,21.1%,333,18.5%,300,9.9%,303,14.5%,294,12.5%,351,12.2%,247,12.3%,314,12.5%,199,9.2%,258,14.1%,246,12.8%,193,22.0%,268,14.1%,93,8.4%,204,13.5%,171,13.2%,80,13.7%,415,9.7%,144,11.6%,114,7.2%,293,7.4%,359,14.7%,435,10.3%,744,16.8%,441,9.9%,688,12.9%,438,9.4%,273,8.7%,537,10.7%,378,12.3%,541,7.7%,513,10.6%,316,9.0%,514,17.2%,292,7.3%,458,13.7%,419,13.4%,570,11.7%,428,10.1%,153,9.8%,397,8.0%,363,8.9%,141,13.0%,45,2.9%,380,8.9%,319,12.5%,157,4.7%,287,14.3%,182,4.7%,138,10.4%,174,9.4%,213,9.6%,665,18.9%,456,17.3%,328,10.9%,553,11.9%,680,19.2%,358,10.5%,244,13.2%,381,8.9%,711,13.3%,343,10.4%,506,16.3%,235,22.8%,278,8.0%,418,10.9%,199,11.3%,177,10.3%,456,10.8%,613,14.9%,416,8.6%,373,16.8%,168,6.3%,"36,559",11.9%
55 to 64 Years,382,15.5%,624,18.3%,428,10.5%,388,13.6%,431,13.6%,297,10.0%,375,14.2%,"1,067",18.2%,357,17.0%,354,14.3%,222,11.8%,555,17.4%,226,12.3%,185,13.4%,266,10.3%,803,21.0%,414,12.5%,242,10.2%,424,13.5%,294,10.9%,356,13.5%,221,9.9%,480,18.9%,195,12.0%,112,9.8%,233,17.2%,458,19.7%,570,20.8%,348,22.3%,566,18.2%,170,14.3%,483,11.4%,346,15.2%,186,9.1%,245,13.6%,307,10.2%,451,21.6%,224,9.5%,454,15.7%,254,12.7%,399,15.9%,326,15.1%,235,12.9%,241,12.5%,175,19.9%,261,13.8%,257,23.2%,350,23.2%,218,16.8%,96,16.4%,596,14.0%,167,13.4%,199,12.5%,386,9.7%,412,16.9%,623,14.8%,577,13.0%,699,15.7%,832,15.6%,675,14.5%,521,16.6%,610,12.2%,364,11.9%,704,10.0%,889,18.3%,600,17.0%,397,13.3%,633,15.9%,323,9.7%,303,9.7%,625,12.8%,508,11.9%,184,11.8%,601,12.1%,461,11.3%,187,17.3%,143,9.1%,226,5.3%,651,25.4%,285,8.6%,327,16.3%,265,6.8%,105,7.9%,278,14.9%,251,11.3%,457,13.0%,341,13.0%,273,9.1%,491,10.6%,269,7.6%,349,10.2%,199,10.8%,407,9.5%,357,6.7%,243,7.4%,366,11.8%,170,16.5%,497,14.3%,525,13.7%,178,10.1%,265,15.5%,451,10.6%,483,11.7%,391,8.1%,294,13.2%,338,12.6%,"40,502",13.1%
65 to 74 Years,251,10.2%,370,10.9%,391,9.6%,177,6.2%,190,6.0%,183,6.2%,250,9.5%,574,9.8%,133,6.3%,283,11.4%,199,10.6%,236,7.4%,124,6.8%,102,7.4%,257,10.0%,342,9.0%,351,10.6%,144,6.0%,399,12.7%,200,7.4%,188,7.1%,122,5.5%,323,12.7%,210,12.9%,38,3.3%,85,6.3%,111,4.8%,254,9.3%,188,12.1%,270,8.7%,68,5.7%,501,11.8%,235,10.3%,291,14.2%,204,11.3%,319,10.6%,256,12.3%,219,9.3%,217,7.5%,145,7.2%,397,15.8%,170,7.9%,136,7.4%,186,9.7%,59,6.7%,131,6.9%,74,6.7%,216,14.3%,119,9.2%,28,4.8%,491,11.5%,77,6.2%,139,8.8%,419,10.6%,231,9.5%,354,8.4%,326,7.4%,433,9.7%,498,9.3%,347,7.5%,119,3.8%,332,6.6%,165,5.4%,279,4.0%,478,9.8%,177,5.0%,281,9.4%,248,6.2%,103,3.1%,267,8.6%,178,3.7%,312,7.3%,80,5.1%,276,5.6%,374,9.2%,36,3.3%,50,3.2%,257,6.0%,407,15.9%,304,9.1%,336,16.7%,261,6.7%,112,8.5%,180,9.7%,80,3.6%,191,5.4%,195,7.4%,135,4.5%,270,5.8%,121,3.4%,264,7.7%,44,2.4%,225,5.3%,224,4.2%,256,7.8%,97,3.1%,129,12.5%,278,8.0%,333,8.7%,79,4.5%,198,11.6%,367,8.7%,328,8.0%,212,4.4%,165,7.4%,218,8.1%,"24,252",7.9%
75 to 84 Years,139,5.6%,124,3.6%,184,4.5%,107,3.8%,61,1.9%,86,2.9%,87,3.3%,411,7.0%,104,5.0%,120,4.8%,57,3.0%,213,6.7%,36,2.0%,74,5.4%,7,0.3%,136,3.6%,59,1.8%,99,4.2%,150,4.8%,136,5.1%,126,4.8%,96,4.3%,150,5.9%,161,9.9%,22,1.9%,100,7.4%,58,2.5%,178,6.5%,43,2.8%,117,3.8%,39,3.3%,238,5.6%,84,3.7%,196,9.6%,69,3.8%,249,8.2%,156,7.5%,35,1.5%,234,8.1%,110,5.5%,162,6.4%,205,9.5%,93,5.1%,112,5.8%,39,4.4%,57,3.0%,69,6.2%,81,5.4%,19,1.5%,24,4.1%,195,4.6%,97,7.8%,106,6.7%,234,5.9%,82,3.4%,71,1.7%,270,6.1%,170,3.8%,152,2.8%,148,3.2%,98,3.1%,44,0.9%,112,3.7%,75,1.1%,204,4.2%,63,1.8%,63,2.1%,96,2.4%,81,2.4%,3,0.1%,99,2.0%,47,1.1%,33,2.1%,139,2.8%,152,3.7%,18,1.7%,47,3.0%,79,1.9%,65,2.5%,113,3.4%,109,5.4%,162,4.2%,27,2.0%,141,7.6%,97,4.4%,77,2.2%,155,5.9%,49,1.6%,72,1.6%,71,2.0%,85,2.5%,9,0.5%,104,2.4%,0,0.0%,189,5.8%,42,1.4%,14,1.4%,124,3.6%,228,5.9%,27,1.5%,116,6.8%,168,4.0%,74,1.8%,72,1.5%,119,5.4%,77,2.9%,"11,276",3.7%
85 Years and Over,61,2.5%,84,2.5%,84,2.1%,49,1.7%,32,1.0%,39,1.3%,73,2.8%,129,2.2%,64,3.0%,24,1.0%,29,1.5%,46,1.4%,21,1.1%,11,0.8%,10,0.4%,46,1.2%,21,0.6%,17,0.7%,131,4.2%,51,1.9%,85,3.2%,1,0.0%,95,3.7%,52,3.2%,43,3.8%,65,4.8%,83,3.6%,127,4.6%,46,3.0%,36,1.2%,0,0.0%,79,1.9%,25,1.1%,53,2.6%,13,0.7%,19,0.6%,62,3.0%,36,1.5%,83,2.9%,4,0.2%,82,3.3%,76,3.5%,23,1.3%,91,4.7%,6,0.7%,31,1.6%,16,1.4%,118,7.8%,7,0.5%,6,1.0%,27,0.6%,37,3.0%,32,2.0%,137,3.5%,91,3.7%,93,2.2%,68,1.5%,37,0.8%,85,1.6%,130,2.8%,13,0.4%,95,1.9%,28,0.9%,35,0.5%,193,4.0%,55,1.6%,7,0.2%,19,0.5%,12,0.4%,11,0.4%,64,1.3%,0,0.0%,12,0.8%,74,1.5%,22,0.5%,5,0.5%,4,0.3%,77,1.8%,48,1.9%,42,1.3%,99,4.9%,38,1.0%,42,3.2%,62,3.3%,33,1.5%,18,0.5%,25,1.0%,26,0.9%,34,0.7%,21,0.6%,23,0.7%,8,0.4%,0,0.0%,0,0.0%,35,1.1%,8,0.3%,17,1.7%,23,0.7%,118,3.1%,17,1.0%,29,1.7%,46,1.1%,97,2.4%,32,0.7%,35,1.6%,24,0.9%,"4,948",1.6%
,,,,,,,,,,,,,,,,,,,,,,,,,,,,,,,,,,,,,,,,,,,,,,,,,,,,,,,,,,,,,,,,,,,,,,,,,,,,,,,,,,,,,,,,,,,,,,,,,,,,,,,,,,,,,,,,,,,,,,,,,,,,,,,,,,,,,,,,,,,,,,,,,,,,,,,,,,,,,,,,,,,,,,,,,,,,,,,,,,,,,,,,,,,,,,,,,,,,,,,,,,,,,,,,,,,,,,
SE:A03001. Race,,,,,,,,,,,,,,,,,,,,,,,,,,,,,,,,,,,,,,,,,,,,,,,,,,,,,,,,,,,,,,,,,,,,,,,,,,,,,,,,,,,,,,,,,,,,,,,,,,,,,,,,,,,,,,,,,,,,,,,,,,,,,,,,,,,,,,,,,,,,,,,,,,,,,,,,,,,,,,,,,,,,,,,,,,,,,,,,,,,,,,,,,,,,,,,,,,,,,,,,,,,,,,,,,,,,,,
Total Population:,"2,469",,"3,408",,"4,085",,"2,844",,"3,160",,"2,976",,"2,642",,"5,880",,"2,103",,"2,482",,"1,887",,"3,186",,"1,836",,"1,376",,"2,580",,"3,818",,"3,309",,"2,384",,"3,144",,"2,689",,"2,635",,"2,230",,"2,543",,"1,623",,"1,142",,"1,352",,"2,328",,"2,745",,"1,560",,"3,103",,"1,188",,"4,232",,"2,282",,"2,050",,"1,799",,"3,024",,"2,084",,"2,355",,"2,889",,"2,004",,"2,515",,"2,163",,"1,828",,"1,923",,878,,"1,895",,"1,109",,"1,510",,"1,299",,585,,"4,261",,"1,245",,"1,589",,"3,971",,"2,436",,"4,208",,"4,425",,"4,452",,"5,348",,"4,648",,"3,142",,"5,007",,"3,069",,"7,066",,"4,857",,"3,532",,"2,995",,"3,982",,"3,344",,"3,123",,"4,879",,"4,256",,"1,563",,"4,953",,"4,079",,"1,082",,"1,572",,"4,279",,"2,562",,"3,334",,"2,010",,"3,873",,"1,323",,"1,861",,"2,215",,"3,520",,"2,630",,"3,008",,"4,636",,"3,547",,"3,410",,"1,851",,"4,270",,"5,336",,"3,287",,"3,102",,"1,030",,"3,471",,"3,844",,"1,763",,"1,712",,"4,243",,"4,115",,"4,814",,"2,225",,"2,688",,"308,174",
White Alone,"2,000",81.0%,"2,858",83.9%,"3,131",76.7%,"1,514",53.2%,"1,551",49.1%,"1,875",63.0%,"2,172",82.2%,"5,641",95.9%,"1,581",75.2%,"2,203",88.8%,"1,691",89.6%,"2,811",88.2%,"1,507",82.1%,"1,217",88.4%,"2,101",81.4%,"3,450",90.4%,"2,650",80.1%,"1,838",77.1%,"2,142",68.1%,954,35.5%,347,13.2%,364,16.3%,148,5.8%,37,2.3%,50,4.4%,5,0.4%,0,0.0%,139,5.1%,44,2.8%,3,0.1%,0,0.0%,109,2.6%,17,0.7%,76,3.7%,20,1.1%,47,1.6%,59,2.8%,41,1.7%,54,1.9%,62,3.1%,24,1.0%,0,0.0%,0,0.0%,64,3.3%,23,2.6%,62,3.3%,97,8.8%,7,0.5%,29,2.2%,4,0.7%,"2,867",67.3%,112,9.0%,76,4.8%,"2,635",66.4%,"2,303",94.5%,"3,059",72.7%,"4,364",98.6%,"3,700",83.1%,"4,805",89.9%,"3,638",78.3%,"1,541",49.1%,"2,425",48.4%,"1,964",64.0%,"1,684",23.8%,"2,522",51.9%,"1,250",35.4%,"1,707",57.0%,"3,381",84.9%,"2,438",72.9%,"1,028",32.9%,"1,216",24.9%,"2,279",53.6%,"1,059",67.8%,"3,363",67.9%,"2,867",70.3%,620,57.3%,952,60.6%,"2,451",57.3%,"1,278",49.9%,"2,240",67.2%,738,36.7%,"2,026",52.3%,114,8.6%,175,9.4%,74,3.3%,"1,162",33.0%,"1,864",70.9%,"1,754",58.3%,"1,777",38.3%,948,26.7%,"2,316",67.9%,545,29.4%,"2,508",58.7%,"2,262",42.4%,15,0.5%,619,20.0%,264,25.6%,"3,012",86.8%,54,1.4%,363,20.6%,150,8.8%,"2,600",61.3%,"1,444",35.1%,"1,276",26.5%,611,27.5%,"2,087",77.6%,"143,401",46.5%
Black or African American Alone,44,1.8%,228,6.7%,682,16.7%,"1,020",35.9%,"1,465",46.4%,869,29.2%,285,10.8%,146,2.5%,103,4.9%,225,9.1%,60,3.2%,298,9.4%,134,7.3%,54,3.9%,320,12.4%,112,2.9%,172,5.2%,97,4.1%,436,13.9%,"1,303",48.5%,"2,208",83.8%,"1,655",74.2%,"2,382",93.7%,"1,577",97.2%,"1,068",93.5%,"1,333",98.6%,"2,253",96.8%,"2,486",90.6%,"1,452",93.1%,"3,077",99.2%,"1,173",98.7%,"3,963",93.6%,"2,167",95.0%,"1,948",95.0%,"1,773",98.6%,"2,867",94.8%,"1,949",93.5%,"2,241",95.2%,"2,776",96.1%,"1,920",95.8%,"2,471",98.3%,"2,131",98.5%,"1,828",100.0%,"1,851",96.3%,855,97.4%,"1,813",95.7%,"1,002",90.4%,"1,496",99.1%,"1,261",97.1%,581,99.3%,894,21.0%,"1,089",87.5%,"1,469",92.5%,747,18.8%,80,3.3%,826,19.6%,35,0.8%,363,8.2%,263,4.9%,816,17.6%,"1,366",43.5%,"1,782",35.6%,813,26.5%,"5,227",74.0%,"1,838",37.8%,"1,996",56.5%,510,17.0%,374,9.4%,518,15.5%,"1,140",36.5%,"3,098",63.5%,"1,769",41.6%,367,23.5%,"1,248",25.2%,"1,016",24.9%,392,36.2%,402,25.6%,"1,248",29.2%,"1,077",42.0%,528,15.8%,"1,139",56.7%,"1,108",28.6%,"1,204",91.0%,"1,594",85.7%,"2,033",91.8%,"2,134",60.6%,618,23.5%,"1,127",37.5%,"2,451",52.9%,"2,347",66.2%,956,28.0%,"1,270",68.6%,"1,241",29.1%,"2,469",46.3%,"3,246",98.8%,"2,433",78.4%,738,71.7%,200,5.8%,"3,753",97.6%,"1,311",74.4%,"1,542",90.1%,"1,208",28.5%,"2,479",60.2%,"3,493",72.6%,"1,488",66.9%,535,19.9%,"143,018",46.4%
American Indian and Alaska Native Alone,11,0.5%,0,0.0%,0,0.0%,0,0.0%,14,0.4%,45,1.5%,57,2.2%,0,0.0%,0,0.0%,0,0.0%,10,0.5%,0,0.0%,20,1.1%,0,0.0%,0,0.0%,0,0.0%,9,0.3%,0,0.0%,13,0.4%,36,1.3%,0,0.0%,0,0.0%,0,0.0%,0,0.0%,0,0.0%,0,0.0%,0,0.0%,0,0.0%,7,0.5%,0,0.0%,0,0.0%,13,0.3%,0,0.0%,0,0.0%,0,0.0%,32,1.1%,49,2.4%,0,0.0%,0,0.0%,0,0.0%,0,0.0%,0,0.0%,0,0.0%,0,0.0%,0,0.0%,0,0.0%,0,0.0%,0,0.0%,0,0.0%,0,0.0%,0,0.0%,8,0.6%,0,0.0%,16,0.4%,0,0.0%,0,0.0%,0,0.0%,0,0.0%,0,0.0%,60,1.3%,0,0.0%,30,0.6%,0,0.0%,0,0.0%,0,0.0%,0,0.0%,138,4.6%,11,0.3%,39,1.2%,8,0.3%,0,0.0%,0,0.0%,0,0.0%,0,0.0%,11,0.3%,0,0.0%,7,0.5%,0,0.0%,0,0.0%,36,1.1%,0,0.0%,0,0.0%,0,0.0%,0,0.0%,0,0.0%,11,0.3%,13,0.5%,0,0.0%,0,0.0%,0,0.0%,0,0.0%,0,0.0%,29,0.7%,15,0.3%,0,0.0%,7,0.2%,0,0.0%,32,0.9%,0,0.0%,0,0.0%,0,0.0%,0,0.0%,0,0.0%,0,0.0%,0,0.0%,0,0.0%,787,0.3%
Asian Alone,54,2.2%,313,9.2%,208,5.1%,94,3.3%,28,0.9%,0,0.0%,0,0.0%,68,1.2%,288,13.7%,0,0.0%,5,0.3%,34,1.1%,16,0.9%,30,2.2%,88,3.4%,71,1.9%,387,11.7%,316,13.3%,455,14.5%,151,5.6%,41,1.6%,0,0.0%,13,0.5%,0,0.0%,0,0.0%,0,0.0%,0,0.0%,0,0.0%,30,1.9%,0,0.0%,0,0.0%,0,0.0%,57,2.5%,16,0.8%,0,0.0%,0,0.0%,0,0.0%,0,0.0%,0,0.0%,0,0.0%,0,0.0%,0,0.0%,0,0.0%,0,0.0%,0,0.0%,0,0.0%,0,0.0%,0,0.0%,9,0.7%,0,0.0%,303,7.1%,0,0.0%,0,0.0%,442,11.1%,9,0.4%,190,4.5%,0,0.0%,131,2.9%,115,2.2%,78,1.7%,161,5.1%,572,11.4%,86,2.8%,0,0.0%,16,0.3%,241,6.8%,372,12.4%,40,1.0%,160,4.8%,793,25.4%,180,3.7%,111,2.6%,49,3.1%,103,2.1%,60,1.5%,6,0.6%,161,10.2%,461,10.8%,170,6.6%,407,12.2%,79,3.9%,580,15.0%,0,0.0%,66,3.6%,0,0.0%,134,3.8%,25,1.0%,27,0.9%,0,0.0%,5,0.1%,9,0.3%,0,0.0%,273,6.4%,402,7.5%,0,0.0%,0,0.0%,0,0.0%,72,2.1%,0,0.0%,0,0.0%,0,0.0%,333,7.9%,83,2.0%,45,0.9%,0,0.0%,43,1.6%,"10,365",3.4%
Native Hawaiian and Other Pacific Islander Alone,0,0.0%,0,0.0%,0,0.0%,129,4.5%,0,0.0%,0,0.0%,0,0.0%,0,0.0%,0,0.0%,0,0.0%,0,0.0%,0,0.0%,0,0.0%,0,0.0%,0,0.0%,0,0.0%,0,0.0%,0,0.0%,0,0.0%,0,0.0%,0,0.0%,7,0.3%,0,0.0%,0,0.0%,0,0.0%,0,0.0%,0,0.0%,0,0.0%,0,0.0%,0,0.0%,0,0.0%,0,0.0%,0,0.0%,0,0.0%,0,0.0%,0,0.0%,0,0.0%,0,0.0%,0,0.0%,0,0.0%,0,0.0%,0,0.0%,0,0.0%,8,0.4%,0,0.0%,0,0.0%,0,0.0%,0,0.0%,0,0.0%,0,0.0%,0,0.0%,0,0.0%,0,0.0%,0,0.0%,0,0.0%,0,0.0%,0,0.0%,0,0.0%,0,0.0%,0,0.0%,0,0.0%,0,0.0%,0,0.0%,0,0.0%,0,0.0%,0,0.0%,0,0.0%,0,0.0%,9,0.3%,0,0.0%,0,0.0%,0,0.0%,0,0.0%,0,0.0%,0,0.0%,0,0.0%,0,0.0%,0,0.0%,0,0.0%,0,0.0%,0,0.0%,0,0.0%,0,0.0%,0,0.0%,0,0.0%,0,0.0%,0,0.0%,7,0.2%,0,0.0%,0,0.0%,0,0.0%,0,0.0%,0,0.0%,36,0.7%,0,0.0%,0,0.0%,0,0.0%,0,0.0%,16,0.4%,0,0.0%,0,0.0%,0,0.0%,0,0.0%,0,0.0%,0,0.0%,0,0.0%,212,0.1%
Some Other Race Alone,134,5.4%,0,0.0%,0,0.0%,38,1.3%,51,1.6%,20,0.7%,9,0.3%,0,0.0%,56,2.7%,0,0.0%,70,3.7%,8,0.3%,0,0.0%,6,0.4%,8,0.3%,120,3.1%,0,0.0%,0,0.0%,0,0.0%,69,2.6%,12,0.5%,71,3.2%,0,0.0%,0,0.0%,0,0.0%,0,0.0%,0,0.0%,0,0.0%,0,0.0%,11,0.4%,7,0.6%,11,0.3%,0,0.0%,0,0.0%,0,0.0%,58,1.9%,0,0.0%,10,0.4%,24,0.8%,0,0.0%,0,0.0%,0,0.0%,0,0.0%,0,0.0%,0,0.0%,0,0.0%,5,0.5%,0,0.0%,0,0.0%,0,0.0%,29,0.7%,0,0.0%,0,0.0%,38,1.0%,0,0.0%,54,1.3%,0,0.0%,100,2.3%,40,0.8%,5,0.1%,38,1.2%,0,0.0%,186,6.1%,88,1.3%,234,4.8%,32,0.9%,8,0.3%,131,3.3%,56,1.7%,66,2.1%,274,5.6%,0,0.0%,33,2.1%,13,0.3%,45,1.1%,30,2.8%,4,0.3%,36,0.8%,0,0.0%,44,1.3%,15,0.8%,67,1.7%,0,0.0%,15,0.8%,19,0.9%,0,0.0%,12,0.5%,12,0.4%,73,1.6%,70,2.0%,28,0.8%,9,0.5%,108,2.5%,13,0.2%,0,0.0%,43,1.4%,6,0.6%,0,0.0%,0,0.0%,8,0.5%,0,0.0%,0,0.0%,60,1.5%,0,0.0%,39,1.8%,0,0.0%,"2,979",1.0%
Two or More Races,226,9.2%,9,0.3%,64,1.6%,49,1.7%,51,1.6%,167,5.6%,119,4.5%,25,0.4%,75,3.6%,54,2.2%,51,2.7%,35,1.1%,159,8.7%,69,5.0%,63,2.4%,65,1.7%,91,2.8%,133,5.6%,98,3.1%,176,6.6%,27,1.0%,133,6.0%,0,0.0%,9,0.6%,24,2.1%,14,1.0%,75,3.2%,120,4.4%,27,1.7%,12,0.4%,8,0.7%,136,3.2%,41,1.8%,10,0.5%,6,0.3%,20,0.7%,27,1.3%,63,2.7%,35,1.2%,22,1.1%,20,0.8%,32,1.5%,0,0.0%,0,0.0%,0,0.0%,20,1.1%,5,0.5%,7,0.5%,0,0.0%,0,0.0%,168,3.9%,36,2.9%,44,2.8%,93,2.3%,44,1.8%,79,1.9%,26,0.6%,158,3.6%,125,2.3%,51,1.1%,36,1.2%,198,4.0%,20,0.7%,67,1.0%,247,5.1%,13,0.4%,260,8.7%,45,1.1%,124,3.7%,88,2.8%,111,2.3%,97,2.3%,55,3.5%,226,4.6%,80,2.0%,34,3.1%,46,2.9%,83,1.9%,37,1.4%,79,2.4%,39,1.9%,92,2.4%,5,0.4%,11,0.6%,89,4.0%,79,2.2%,98,3.7%,81,2.7%,335,7.2%,177,5.0%,101,3.0%,27,1.5%,111,2.6%,139,2.6%,26,0.8%,0,0.0%,22,2.1%,155,4.5%,21,0.6%,81,4.6%,20,1.2%,102,2.4%,49,1.2%,0,0.0%,87,3.9%,23,0.9%,"7,412",2.4%
,,,,,,,,,,,,,,,,,,,,,,,,,,,,,,,,,,,,,,,,,,,,,,,,,,,,,,,,,,,,,,,,,,,,,,,,,,,,,,,,,,,,,,,,,,,,,,,,,,,,,,,,,,,,,,,,,,,,,,,,,,,,,,,,,,,,,,,,,,,,,,,,,,,,,,,,,,,,,,,,,,,,,,,,,,,,,,,,,,,,,,,,,,,,,,,,,,,,,,,,,,,,,,,,,,,,,,
SE:A12001. Educational Attainment for Population 25 Years and Over,,,,,,,,,,,,,,,,,,,,,,,,,,,,,,,,,,,,,,,,,,,,,,,,,,,,,,,,,,,,,,,,,,,,,,,,,,,,,,,,,,,,,,,,,,,,,,,,,,,,,,,,,,,,,,,,,,,,,,,,,,,,,,,,,,,,,,,,,,,,,,,,,,,,,,,,,,,,,,,,,,,,,,,,,,,,,,,,,,,,,,,,,,,,,,,,,,,,,,,,,,,,,,,,,,,,,,
Population 25 Years and Over:,"2,059",,"2,656",,"3,057",,"1,892",,"2,285",,"2,155",,"2,137",,"4,849",,"1,682",,"1,864",,"1,536",,"2,517",,"1,490",,967,,"2,087",,"3,020",,"2,729",,"1,932",,"2,211",,"2,045",,"1,592",,"1,312",,"1,931",,"1,200",,578,,898,,"1,527",,"2,079",,"1,162",,"2,044",,765,,"2,997",,"1,697",,"1,519",,"1,254",,"1,803",,"1,530",,"1,463",,"1,932",,"1,349",,"1,802",,"1,403",,"1,240",,"1,349",,668,,"1,251",,742,,"1,220",,892,,325,,"3,636",,808,,"1,047",,"3,185",,"1,974",,"3,214",,"3,278",,"3,698",,"4,010",,"3,156",,"2,127",,"3,229",,"2,110",,"3,744",,"3,413",,"2,257",,"2,423",,"3,278",,"2,416",,"2,120",,"2,992",,"3,031",,"1,254",,"3,881",,"3,043",,829,,387,,"2,599",,"2,333",,"2,641",,"1,610",,"1,794",,736,,"1,168",,"1,239",,"2,519",,"2,212",,"2,065",,"2,889",,"2,190",,"2,697",,"1,010",,"3,348",,"3,916",,"1,880",,"1,898",,807,,"2,789",,"2,457",,"1,158",,"1,132",,"3,215",,"2,829",,"2,920",,"1,716",,"2,271",,"219,272",
Less than High School,284,13.8%,115,4.3%,155,5.1%,96,5.1%,492,21.5%,445,20.7%,151,7.1%,301,6.2%,180,10.7%,100,5.4%,123,8.0%,154,6.1%,103,6.9%,68,7.0%,95,4.6%,141,4.7%,112,4.1%,130,6.7%,119,5.4%,68,3.3%,288,18.1%,282,21.5%,217,11.2%,274,22.8%,119,20.6%,192,21.4%,380,24.9%,313,15.1%,374,32.2%,447,21.9%,167,21.8%,643,21.5%,615,36.2%,364,24.0%,222,17.7%,301,16.7%,231,15.1%,285,19.5%,247,12.8%,386,28.6%,415,23.0%,384,27.4%,357,28.8%,268,19.9%,143,21.4%,142,11.4%,126,17.0%,249,20.4%,188,21.1%,55,16.9%,160,4.4%,108,13.4%,170,16.2%,86,2.7%,155,7.9%,160,5.0%,94,2.9%,159,4.3%,106,2.6%,718,22.8%,457,21.5%,480,14.9%,457,21.7%,553,14.8%,822,24.1%,548,24.3%,487,20.1%,141,4.3%,182,7.5%,628,29.6%,682,22.8%,194,6.4%,45,3.6%,194,5.0%,60,2.0%,80,9.7%,105,27.1%,125,4.8%,195,8.4%,152,5.8%,183,11.4%,131,7.3%,157,21.3%,221,18.9%,337,27.2%,245,9.7%,80,3.6%,129,6.3%,907,31.4%,331,15.1%,159,5.9%,182,18.0%,47,1.4%,186,4.8%,420,22.3%,294,15.5%,114,14.1%,258,9.3%,419,17.1%,224,19.3%,229,20.2%,295,9.2%,137,4.8%,256,8.8%,227,13.2%,51,2.3%,"26,828",12.2%
High School Graduate (Includes Equivalency),782,38.0%,748,28.2%,755,24.7%,739,39.1%,708,31.0%,783,36.3%,664,31.1%,803,16.6%,440,26.2%,483,25.9%,368,24.0%,441,17.5%,208,14.0%,151,15.6%,565,27.1%,591,19.6%,380,13.9%,251,13.0%,158,7.2%,237,11.6%,318,20.0%,420,32.0%,499,25.8%,518,43.2%,262,45.3%,289,32.2%,572,37.5%,841,40.5%,489,42.1%,687,33.6%,295,38.6%,"1,181",39.4%,494,29.1%,589,38.8%,481,38.4%,590,32.7%,429,28.0%,461,31.5%,859,44.5%,399,29.6%,650,36.1%,441,31.4%,399,32.2%,499,37.0%,232,34.7%,337,26.9%,261,35.2%,432,35.4%,376,42.2%,103,31.7%,175,4.8%,225,27.9%,247,23.6%,355,11.2%,543,27.5%,809,25.2%,330,10.1%,537,14.5%,688,17.2%,941,29.8%,730,34.3%,"1,030",31.9%,822,39.0%,"1,742",46.5%,"1,019",29.9%,547,24.2%,494,20.4%,413,12.6%,286,11.8%,478,22.6%,"1,010",33.8%,415,13.7%,123,9.8%,234,6.0%,481,15.8%,148,17.9%,82,21.2%,417,16.0%,581,24.9%,225,8.5%,259,16.1%,387,21.6%,184,25.0%,324,27.7%,226,18.2%,413,16.4%,374,16.9%,233,11.3%,747,25.9%,674,30.8%,487,18.1%,365,36.1%,249,7.4%,465,11.9%,478,25.4%,667,35.1%,294,36.4%,526,18.9%,672,27.4%,485,41.9%,457,40.4%,731,22.7%,587,20.8%,744,25.5%,338,19.7%,293,12.9%,"52,444",23.9%
Some College,585,28.4%,825,31.1%,759,24.8%,466,24.6%,605,26.5%,513,23.8%,606,28.4%,"1,127",23.2%,557,33.1%,670,35.9%,552,35.9%,633,25.2%,444,29.8%,268,27.7%,569,27.3%,759,25.1%,624,22.9%,406,21.0%,163,7.4%,431,21.1%,471,29.6%,457,34.8%,812,42.1%,371,30.9%,162,28.0%,344,38.3%,424,27.8%,702,33.8%,240,20.7%,591,28.9%,255,33.3%,821,27.4%,484,28.5%,486,32.0%,401,32.0%,597,33.1%,648,42.4%,487,33.3%,520,26.9%,475,35.2%,549,30.5%,395,28.2%,360,29.0%,424,31.4%,245,36.7%,506,40.5%,257,34.6%,306,25.1%,287,32.2%,111,34.2%,544,15.0%,280,34.7%,484,46.2%,443,13.9%,435,22.0%,952,29.6%,723,22.1%,"1,015",27.5%,"1,156",28.8%,848,26.9%,630,29.6%,"1,235",38.3%,529,25.1%,896,23.9%,"1,154",33.8%,782,34.7%,493,20.4%,661,20.2%,486,20.1%,684,32.3%,913,30.5%,774,25.5%,365,29.1%,767,19.8%,572,18.8%,221,26.7%,118,30.5%,457,17.6%,276,11.8%,394,14.9%,345,21.4%,419,23.4%,329,44.7%,394,33.7%,425,34.3%,916,36.4%,435,19.7%,550,26.6%,870,30.1%,693,31.6%,738,27.4%,338,33.5%,"1,036",30.9%,998,25.5%,699,37.2%,577,30.4%,276,34.2%,845,30.3%,"1,020",41.5%,265,22.9%,320,28.3%,853,26.5%,870,30.8%,941,32.2%,579,33.7%,563,24.8%,"60,331",27.5%
Bachelor's Degree,291,14.1%,600,22.6%,652,21.3%,357,18.9%,276,12.1%,317,14.7%,393,18.4%,"1,418",29.2%,310,18.4%,447,24.0%,358,23.3%,801,31.8%,502,33.7%,335,34.6%,545,26.1%,939,31.1%,715,26.2%,432,22.4%,539,24.4%,644,31.5%,282,17.7%,49,3.7%,213,11.0%,31,2.6%,18,3.1%,51,5.7%,82,5.4%,151,7.3%,59,5.1%,149,7.3%,45,5.9%,218,7.3%,62,3.7%,52,3.4%,80,6.4%,157,8.7%,123,8.0%,77,5.3%,252,13.0%,36,2.7%,102,5.7%,133,9.5%,58,4.7%,139,10.3%,35,5.2%,135,10.8%,50,6.7%,111,9.1%,35,3.9%,46,14.2%,"1,146",31.5%,138,17.1%,63,6.0%,960,30.1%,537,27.2%,742,23.1%,"1,067",32.6%,"1,327",35.9%,"1,331",33.2%,460,14.6%,147,6.9%,371,11.5%,195,9.2%,305,8.2%,258,7.6%,289,12.8%,566,23.4%,"1,253",38.2%,596,24.7%,271,12.8%,279,9.3%,749,24.7%,468,37.3%,"1,238",31.9%,997,32.8%,223,26.9%,50,12.9%,765,29.4%,493,21.1%,817,30.9%,291,18.1%,370,20.6%,45,6.1%,135,11.6%,159,12.8%,577,22.9%,770,34.8%,580,28.1%,254,8.8%,257,11.7%,700,26.0%,82,8.1%,"1,014",30.3%,"1,291",33.0%,205,10.9%,255,13.4%,56,6.9%,736,26.4%,236,9.6%,157,13.6%,74,6.5%,746,23.2%,662,23.4%,392,13.4%,418,24.4%,825,36.3%,"43,290",19.7%
Master's Degree,91,4.4%,220,8.3%,579,18.9%,152,8.0%,185,8.1%,89,4.1%,290,13.6%,870,17.9%,171,10.2%,135,7.2%,104,6.8%,354,14.1%,213,14.3%,135,14.0%,236,11.3%,363,12.0%,625,22.9%,337,17.4%,674,30.5%,447,21.9%,233,14.6%,72,5.5%,116,6.0%,6,0.5%,17,2.9%,22,2.5%,48,3.1%,56,2.7%,0,0.0%,117,5.7%,3,0.4%,134,4.5%,16,0.9%,28,1.8%,70,5.6%,135,7.5%,75,4.9%,142,9.7%,38,2.0%,42,3.1%,86,4.8%,50,3.6%,66,5.3%,12,0.9%,13,2.0%,118,9.4%,48,6.5%,122,10.0%,6,0.7%,8,2.5%,818,22.5%,38,4.7%,76,7.3%,464,14.6%,234,11.9%,443,13.8%,745,22.7%,466,12.6%,504,12.6%,124,3.9%,98,4.6%,90,2.8%,93,4.4%,248,6.6%,143,4.2%,81,3.6%,232,9.6%,500,15.3%,619,25.6%,43,2.0%,66,2.2%,692,22.8%,189,15.1%,"1,003",25.8%,548,18.0%,90,10.9%,32,8.3%,475,18.3%,329,14.1%,476,18.0%,342,21.2%,293,16.3%,21,2.9%,72,6.2%,76,6.1%,271,10.8%,303,13.7%,407,19.7%,41,1.4%,148,6.8%,366,13.6%,35,3.5%,509,15.2%,537,13.7%,69,3.7%,87,4.6%,34,4.2%,248,8.9%,101,4.1%,27,2.3%,24,2.1%,400,12.4%,382,13.5%,367,12.6%,123,7.2%,361,15.9%,"23,772",10.8%
Professional School Degree,9,0.4%,48,1.8%,111,3.6%,45,2.4%,3,0.1%,8,0.4%,10,0.5%,182,3.8%,0,0.0%,0,0.0%,22,1.4%,81,3.2%,12,0.8%,5,0.5%,77,3.7%,140,4.6%,144,5.3%,263,13.6%,248,11.2%,167,8.2%,0,0.0%,15,1.1%,48,2.5%,0,0.0%,0,0.0%,0,0.0%,0,0.0%,9,0.4%,0,0.0%,53,2.6%,0,0.0%,0,0.0%,0,0.0%,0,0.0%,0,0.0%,22,1.2%,19,1.2%,0,0.0%,0,0.0%,9,0.7%,0,0.0%,0,0.0%,0,0.0%,7,0.5%,0,0.0%,8,0.6%,0,0.0%,0,0.0%,0,0.0%,0,0.0%,441,12.1%,0,0.0%,0,0.0%,575,18.1%,30,1.5%,98,3.1%,185,5.6%,105,2.8%,122,3.0%,42,1.3%,36,1.7%,0,0.0%,13,0.6%,0,0.0%,17,0.5%,10,0.4%,76,3.1%,151,4.6%,138,5.7%,0,0.0%,9,0.3%,121,4.0%,34,2.7%,305,7.9%,160,5.3%,32,3.9%,0,0.0%,122,4.7%,249,10.7%,336,12.7%,122,7.6%,89,5.0%,0,0.0%,6,0.5%,16,1.3%,61,2.4%,142,6.4%,93,4.5%,0,0.0%,51,2.3%,140,5.2%,8,0.8%,353,10.5%,257,6.6%,9,0.5%,0,0.0%,6,0.7%,112,4.0%,9,0.4%,0,0.0%,28,2.5%,120,3.7%,99,3.5%,129,4.4%,21,1.2%,91,4.0%,"7,134",3.3%
Doctorate Degree,17,0.8%,100,3.8%,46,1.5%,37,2.0%,16,0.7%,0,0.0%,23,1.1%,148,3.1%,24,1.4%,29,1.6%,9,0.6%,53,2.1%,8,0.5%,5,0.5%,0,0.0%,87,2.9%,129,4.7%,113,5.9%,310,14.0%,51,2.5%,0,0.0%,17,1.3%,26,1.4%,0,0.0%,0,0.0%,0,0.0%,21,1.4%,7,0.3%,0,0.0%,0,0.0%,0,0.0%,0,0.0%,26,1.5%,0,0.0%,0,0.0%,1,0.1%,5,0.3%,11,0.8%,16,0.8%,2,0.2%,0,0.0%,0,0.0%,0,0.0%,0,0.0%,0,0.0%,5,0.4%,0,0.0%,0,0.0%,0,0.0%,2,0.6%,352,9.7%,19,2.4%,7,0.7%,302,9.5%,40,2.0%,10,0.3%,134,4.1%,89,2.4%,103,2.6%,23,0.7%,29,1.4%,23,0.7%,1,0.1%,0,0.0%,0,0.0%,0,0.0%,75,3.1%,159,4.9%,109,4.5%,16,0.8%,33,1.1%,86,2.8%,30,2.4%,140,3.6%,225,7.4%,35,4.2%,0,0.0%,238,9.2%,210,9.0%,241,9.1%,68,4.2%,105,5.9%,0,0.0%,16,1.4%,0,0.0%,36,1.4%,108,4.9%,73,3.5%,70,2.4%,36,1.6%,107,4.0%,0,0.0%,140,4.2%,182,4.7%,0,0.0%,18,1.0%,27,3.4%,64,2.3%,0,0.0%,0,0.0%,0,0.0%,70,2.2%,92,3.3%,91,3.1%,10,0.6%,87,3.8%,"5,473",2.5%
,,,,,,,,,,,,,,,,,,,,,,,,,,,,,,,,,,,,,,,,,,,,,,,,,,,,,,,,,,,,,,,,,,,,,,,,,,,,,,,,,,,,,,,,,,,,,,,,,,,,,,,,,,,,,,,,,,,,,,,,,,,,,,,,,,,,,,,,,,,,,,,,,,,,,,,,,,,,,,,,,,,,,,,,,,,,,,,,,,,,,,,,,,,,,,,,,,,,,,,,,,,,,,,,,,,,,,
SE:A14006. Median Household Income (In 2019 Inflation Adjusted Dollars),,,,,,,,,,,,,,,,,,,,,,,,,,,,,,,,,,,,,,,,,,,,,,,,,,,,,,,,,,,,,,,,,,,,,,,,,,,,,,,,,,,,,,,,,,,,,,,,,,,,,,,,,,,,,,,,,,,,,,,,,,,,,,,,,,,,,,,,,,,,,,,,,,,,,,,,,,,,,,,,,,,,,,,,,,,,,,,,,,,,,,,,,,,,,,,,,,,,,,,,,,,,,,,,,,,,,,
Median Household Income (In 2019 Inflation Adjusted Dollars),"$55,089",,"$69,825",,"$59,748",,"$54,907",,"$26,773",,"$43,417",,"$49,382",,"$76,595",,"$54,844",,"$46,488",,"$47,500",,"$52,419",,"$82,619",,"$55,938",,"$62,238",,"$79,457",,"$57,928",,"$57,813",,"$69,453",,"$62,262",,"$25,823",,"$28,942",,"$46,781",,"$22,241",,"$18,095",,"$26,554",,"$30,981",,"$40,231",,"$19,344",,"$28,393",,"$25,701",,"$30,953",,"$24,360",,"$25,473",,"$31,375",,"$34,871",,"$24,452",,"$43,672",,"$28,685",,"$19,167",,"$22,208",,"$29,013",,"$14,989",,"$23,906",,"$23,875",,"$35,558",,"$30,540",,"$22,273",,"$32,674",,"$36,715",,"$61,776",,"$22,120",,"$22,246",,"$57,792",,"$59,393",,"$49,592",,"$68,775",,"$56,304",,"$69,776",,"$40,395",,"$29,226",,"$40,823",,"$35,060",,"$22,143",,"$20,644",,"$27,673",,"$37,833",,"$55,042",,"$76,671",,"$29,856",,"$32,594",,"$51,111",,"$40,236",,"$69,082",,"$72,206",,"$45,139",,"$11,409",,"$56,250",,"$43,617",,"$55,373",,"$58,125",,"$25,991",,"$28,355",,"$17,375",,"$20,987",,"$54,762",,"$69,583",,"$51,266",,"$29,868",,"$38,492",,"$69,236",,"$31,174",,"$54,523",,"$64,548",,"$21,700",,"$31,250",,"$33,750",,"$55,000",,"$33,636",,"$20,570",,"$19,191",,"$44,524",,"$49,063",,"$45,264",,"$29,978",,"$73,021",,"$43,872",
