Center,Address,Lat,Long
12th & Park Recreation Center,"1410 S. Tucker Blvd
St Louis, MO 63104",38.6140457,-90.2043191
Buder Recreational Center,"2900 Hickory Street
St Louis, MO 63104",38.6217534,-90.2258656
Cherokee Recreation Center,"3200 S Jefferson Ave.
St. Louis, MO 63118",38.5966189,-90.224326
Gamble Recreation Center,"2907 Gamble St
St Louis, MO 63106",38.6415167,-90.2179081
Marquette Recreation Center,"4025 Minnesota Ave
St Louis, MO 63118",38.5828275,-90.2372925
Tandy Recreation Center,"4206 Kennerly Ave
St Louis, MO 63113",38.6598305,-90.2371825
Wohl Recreation Center,"1515 N Kingshighway Blvd
St Louis, MO 63113",38.6640783,-90.2617789